{ 
    "_id" : ObjectId("5abf91a625e0f934977cfb77"), 
    "createdAt" : ISODate("2018-03-31T13:48:22.517+0000"), 
    "updatedAt" : ISODate("2018-03-31T13:48:22.517+0000"), 
    "userEmail" : "sssssssss@gmail.com", 
    "name" : "Sayali", 
    "number" : "7655432123", 
    "comments" : "fdfdf", 
    "__v" : NumberInt(0)
}
{ 
    "_id" : ObjectId("5abf91ba25e0f934977cfb78"), 
    "createdAt" : ISODate("2018-03-31T13:48:42.341+0000"), 
    "updatedAt" : ISODate("2018-03-31T13:48:42.341+0000"), 
    "userEmail" : "sssssssss@gmail.com", 
    "name" : "Sayali", 
    "comments" : "sssssssss", 
    "__v" : NumberInt(0)
}
{ 
    "_id" : ObjectId("5abf959f5ad8fe5d4bb5ee96"), 
    "createdAt" : ISODate("2018-03-31T14:05:19.027+0000"), 
    "updatedAt" : ISODate("2018-03-31T14:05:19.027+0000"), 
    "userEmail" : "sssssssss@gmail.com", 
    "name" : "Sayali", 
    "comments" : "sss", 
    "__v" : NumberInt(0)
}
{ 
    "_id" : ObjectId("5abf95c95ad8fe5d4bb5ee9d"), 
    "createdAt" : ISODate("2018-03-31T14:06:01.366+0000"), 
    "updatedAt" : ISODate("2018-03-31T14:06:01.366+0000"), 
    "userEmail" : "sssssssss@gmail.com", 
    "name" : "Sayali", 
    "comments" : "ssss", 
    "__v" : NumberInt(0)
}
{ 
    "_id" : ObjectId("5ac1b0665ad8fe5d4bb5eec9"), 
    "createdAt" : ISODate("2018-04-02T04:24:06.316+0000"), 
    "updatedAt" : ISODate("2018-04-02T04:24:06.316+0000"), 
    "userEmail" : "jkdnsjkcn@hjcbjsd.com", 
    "name" : "ndskjnk", 
    "number" : "987654321", 
    "comments" : "jkcdnjkdsncjdjkc", 
    "__v" : NumberInt(0)
}
{ 
    "_id" : ObjectId("5ac1b0cb5ad8fe5d4bb5eeca"), 
    "createdAt" : ISODate("2018-04-02T04:25:47.025+0000"), 
    "updatedAt" : ISODate("2018-04-02T04:25:47.025+0000"), 
    "userEmail" : "jkcdnk@fjkv.com", 
    "name" : "dskcfnkj", 
    "number" : "987654321", 
    "comments" : "jkdnjkndjk", 
    "__v" : NumberInt(0)
}
{ 
    "_id" : ObjectId("5ac1b52f5ad8fe5d4bb5eed5"), 
    "createdAt" : ISODate("2018-04-02T04:44:31.380+0000"), 
    "updatedAt" : ISODate("2018-04-02T04:44:31.380+0000"), 
    "userEmail" : "hsjs@gsjs.com", 
    "name" : "Hejdh", 
    "number" : "987654321", 
    "comments" : "Hsjsbzh", 
    "__v" : NumberInt(0)
}
{ 
    "_id" : ObjectId("5ac1b5855ad8fe5d4bb5eed6"), 
    "createdAt" : ISODate("2018-04-02T04:45:57.989+0000"), 
    "updatedAt" : ISODate("2018-04-02T04:45:57.988+0000"), 
    "userEmail" : "hsjs@gsjs.com", 
    "name" : "Tyhc", 
    "number" : "987654321", 
    "comments" : "Hsjsks", 
    "__v" : NumberInt(0)
}
{ 
    "_id" : ObjectId("5ac1b6605ad8fe5d4bb5eed8"), 
    "createdAt" : ISODate("2018-04-02T04:49:36.096+0000"), 
    "updatedAt" : ISODate("2018-04-02T04:49:36.096+0000"), 
    "userEmail" : "fft@nsjs.com", 
    "name" : "Ghjn", 
    "number" : "987654321", 
    "comments" : "HsjxjX", 
    "__v" : NumberInt(0)
}
{ 
    "_id" : ObjectId("5ac1b9045ad8fe5d4bb5eee3"), 
    "createdAt" : ISODate("2018-04-02T05:00:52.741+0000"), 
    "updatedAt" : ISODate("2018-04-02T05:00:52.741+0000"), 
    "userEmail" : "jkcn@jkdns.com", 
    "name" : "cbdj", 
    "number" : "987654321", 
    "comments" : "cjkncjndfjk", 
    "__v" : NumberInt(0)
}
{ 
    "_id" : ObjectId("5ac1beda5ad8fe5d4bb5eeeb"), 
    "createdAt" : ISODate("2018-04-02T05:25:46.566+0000"), 
    "updatedAt" : ISODate("2018-04-02T05:25:46.565+0000"), 
    "userEmail" : "c@gsj.com", 
    "name" : "Hsjs", 
    "number" : "987654312", 
    "comments" : "Vshshzks", 
    "__v" : NumberInt(0)
}
{ 
    "_id" : ObjectId("5ac1bf1a5ad8fe5d4bb5eeee"), 
    "createdAt" : ISODate("2018-04-02T05:26:50.439+0000"), 
    "updatedAt" : ISODate("2018-04-02T05:26:50.439+0000"), 
    "userEmail" : "c@hsjs.com", 
    "name" : "Hsjsj", 
    "number" : "987654321", 
    "comments" : "Hejek", 
    "__v" : NumberInt(0)
}
{ 
    "_id" : ObjectId("5ac1c51d5ad8fe5d4bb5eefa"), 
    "createdAt" : ISODate("2018-04-02T05:52:29.490+0000"), 
    "updatedAt" : ISODate("2018-04-02T05:52:29.490+0000"), 
    "userEmail" : "hsj@gmail.com", 
    "name" : "Wohlig", 
    "number" : "6464889464", 
    "comments" : "Anahsnd", 
    "__v" : NumberInt(0)
}
{ 
    "_id" : ObjectId("5ac1c5de5ad8fe5d4bb5ef01"), 
    "createdAt" : ISODate("2018-04-02T05:55:42.112+0000"), 
    "updatedAt" : ISODate("2018-04-02T05:55:42.112+0000"), 
    "userEmail" : "haha@fahw.in", 
    "name" : "Haja", 
    "number" : "987654321", 
    "comments" : "Dvgbj", 
    "__v" : NumberInt(0)
}
{ 
    "_id" : ObjectId("5ac1c76a5ad8fe5d4bb5ef09"), 
    "createdAt" : ISODate("2018-04-02T06:02:18.842+0000"), 
    "updatedAt" : ISODate("2018-04-02T06:02:18.842+0000"), 
    "userEmail" : "hsja@hs.com", 
    "name" : "Hsjs", 
    "number" : "987654321", 
    "comments" : "Bskel", 
    "__v" : NumberInt(0)
}
{ 
    "_id" : ObjectId("5ac1cf2b5ad8fe5d4bb5ef1b"), 
    "createdAt" : ISODate("2018-04-02T06:35:23.133+0000"), 
    "updatedAt" : ISODate("2018-04-02T06:35:23.133+0000"), 
    "userEmail" : "hsj@hs.in", 
    "name" : "Bznzj", 
    "number" : "987654321", 
    "comments" : "Vsjsks", 
    "__v" : NumberInt(0)
}
{ 
    "_id" : ObjectId("5ac1d6045ad8fe5d4bb5ef38"), 
    "createdAt" : ISODate("2018-04-02T07:04:36.106+0000"), 
    "updatedAt" : ISODate("2018-04-02T07:04:36.106+0000"), 
    "userEmail" : "hsjhjsjsk@hhsjd.com", 
    "name" : "HajsHsjsj", 
    "number" : "987654321", 
    "comments" : "Hejjssjdkd", 
    "__v" : NumberInt(0)
}
{ 
    "_id" : ObjectId("5ac1e0115ad8fe5d4bb5ef4e"), 
    "createdAt" : ISODate("2018-04-02T07:47:29.383+0000"), 
    "updatedAt" : ISODate("2018-04-02T07:47:29.383+0000"), 
    "userEmail" : "test@test.com", 
    "name" : "Test", 
    "number" : "7666123456", 
    "comments" : "Test", 
    "__v" : NumberInt(0)
}
{ 
    "_id" : ObjectId("5ac1e2dc5ad8fe5d4bb5ef5a"), 
    "createdAt" : ISODate("2018-04-02T07:59:24.832+0000"), 
    "updatedAt" : ISODate("2018-04-02T07:59:24.832+0000"), 
    "userEmail" : "gfdg@hjbchj.ccom", 
    "name" : "gtdgt", 
    "number" : "321456987", 
    "comments" : "cdsaesfc", 
    "__v" : NumberInt(0)
}
{ 
    "_id" : ObjectId("5ac1e9054a9b75572a0f3f72"), 
    "createdAt" : ISODate("2018-04-02T08:25:41.505+0000"), 
    "updatedAt" : ISODate("2018-04-02T08:25:41.505+0000"), 
    "userEmail" : "s@s.com", 
    "name" : "sssss", 
    "number" : "7777777777", 
    "comments" : "bhhjbkjhk", 
    "__v" : NumberInt(0)
}
{ 
    "_id" : ObjectId("5ac1e99c4a9b75572a0f3f75"), 
    "createdAt" : ISODate("2018-04-02T08:28:12.676+0000"), 
    "updatedAt" : ISODate("2018-04-02T08:28:12.676+0000"), 
    "userEmail" : "hgh@gf.ni", 
    "name" : "hygvh", 
    "number" : "1111111111", 
    "comments" : "hcfghfvgth", 
    "__v" : NumberInt(0)
}
