{ 
    "_id" : ObjectId("5abb9dcac6b53214100bdb5c"), 
    "createdAt" : ISODate("2018-03-28T13:51:06.259+0000"), 
    "updatedAt" : ISODate("2018-03-28T13:51:06.259+0000"), 
    "userEmail" : "sayali.ghule1994@gmail.com", 
    "comment" : "hi this is sayali", 
    "__v" : NumberInt(0)
}
{ 
    "_id" : ObjectId("5abf74514a89293dcfa1d944"), 
    "createdAt" : ISODate("2018-03-31T11:43:13.218+0000"), 
    "updatedAt" : ISODate("2018-03-31T11:43:13.218+0000"), 
    "userEmail" : "sssssssss@gmail.com", 
    "comment" : "testing", 
    "rating" : NumberInt(3), 
    "__v" : NumberInt(0)
}
{ 
    "_id" : ObjectId("5abf81954a89293dcfa1d9f5"), 
    "createdAt" : ISODate("2018-03-31T12:39:49.022+0000"), 
    "updatedAt" : ISODate("2018-03-31T12:39:49.022+0000"), 
    "userEmail" : "email@email.com", 
    "comment" : "hello", 
    "rating" : NumberInt(4), 
    "__v" : NumberInt(0)
}
{ 
    "_id" : ObjectId("5abf91c325e0f934977cfb79"), 
    "createdAt" : ISODate("2018-03-31T13:48:51.069+0000"), 
    "updatedAt" : ISODate("2018-03-31T13:48:51.069+0000"), 
    "userEmail" : "sssssssss@gmail.com", 
    "comment" : "sssss", 
    "rating" : NumberInt(3), 
    "__v" : NumberInt(0)
}
{ 
    "_id" : ObjectId("5abf95d65ad8fe5d4bb5ee9e"), 
    "createdAt" : ISODate("2018-03-31T14:06:14.799+0000"), 
    "updatedAt" : ISODate("2018-03-31T14:06:14.799+0000"), 
    "userEmail" : "sssssssss@gmail.com", 
    "comment" : "sssss", 
    "rating" : NumberInt(4), 
    "__v" : NumberInt(0)
}
{ 
    "_id" : ObjectId("5ac1b0f15ad8fe5d4bb5eecb"), 
    "createdAt" : ISODate("2018-04-02T04:26:25.008+0000"), 
    "updatedAt" : ISODate("2018-04-02T04:26:25.008+0000"), 
    "userEmail" : "vjkfn@jkfdhs.com", 
    "comment" : "iucdbsucbnuds", 
    "rating" : NumberInt(3), 
    "__v" : NumberInt(0)
}
{ 
    "_id" : ObjectId("5ac1b5a45ad8fe5d4bb5eed7"), 
    "createdAt" : ISODate("2018-04-02T04:46:28.075+0000"), 
    "updatedAt" : ISODate("2018-04-02T04:46:28.075+0000"), 
    "userEmail" : "hsjs@gsjs.com", 
    "comment" : "Udkdkx", 
    "rating" : NumberInt(2), 
    "__v" : NumberInt(0)
}
{ 
    "_id" : ObjectId("5ac1e9ad4a9b75572a0f3f76"), 
    "createdAt" : ISODate("2018-04-02T08:28:29.465+0000"), 
    "updatedAt" : ISODate("2018-04-02T08:28:29.465+0000"), 
    "userEmail" : "yhjgyj@hngv.ko", 
    "comment" : "hjbvjhbj", 
    "rating" : NumberInt(3), 
    "__v" : NumberInt(0)
}
{ 
    "_id" : ObjectId("5ac6261550870a1b024361a1"), 
    "createdAt" : ISODate("2018-04-05T13:35:17.873+0000"), 
    "updatedAt" : ISODate("2018-04-05T13:35:17.873+0000"), 
    "userEmail" : "tusahr@wof.com", 
    "comment" : "good work", 
    "rating" : NumberInt(5), 
    "__v" : NumberInt(0)
}
