{ 
    "_id" : ObjectId("5abb408958108805cadc00f1"), 
    "filename" : "5abb408958108805cadc00f0.png", 
    "contentType" : "binary/octet-stream", 
    "length" : NumberInt(255674), 
    "chunkSize" : NumberInt(261120), 
    "uploadDate" : ISODate("2018-03-28T07:13:13.874+0000"), 
    "aliases" : null, 
    "metadata" : null, 
    "md5" : "4b8b9d31ddc4bcd7c810eec9387a04eb"
}
{ 
    "_id" : ObjectId("5abb408e58108805cadc00f7"), 
    "filename" : "5abb408958108805cadc00f0-100-100-cover.png", 
    "contentType" : "binary/octet-stream", 
    "length" : NumberInt(24702), 
    "chunkSize" : NumberInt(261120), 
    "uploadDate" : ISODate("2018-03-28T07:13:18.906+0000"), 
    "aliases" : null, 
    "metadata" : null, 
    "md5" : "78c25880b77ad42ce63ac10bb1adca7b"
}
{ 
    "_id" : ObjectId("5abb40f458108805cadc00fd"), 
    "filename" : "5abb40f458108805cadc00fc.png", 
    "contentType" : "binary/octet-stream", 
    "length" : NumberInt(206524), 
    "chunkSize" : NumberInt(261120), 
    "uploadDate" : ISODate("2018-03-28T07:15:00.326+0000"), 
    "aliases" : null, 
    "metadata" : null, 
    "md5" : "f11a61b6c3801a4b28758364ef1e62c0"
}
{ 
    "_id" : ObjectId("5abb410358108805cadc0100"), 
    "filename" : "5abb410358108805cadc00ff.png", 
    "contentType" : "binary/octet-stream", 
    "length" : NumberInt(206524), 
    "chunkSize" : NumberInt(261120), 
    "uploadDate" : ISODate("2018-03-28T07:15:15.168+0000"), 
    "aliases" : null, 
    "metadata" : null, 
    "md5" : "f11a61b6c3801a4b28758364ef1e62c0"
}
{ 
    "_id" : ObjectId("5abb411658108805cadc0105"), 
    "filename" : "5abb410358108805cadc00ff-100-100-cover.png", 
    "contentType" : "binary/octet-stream", 
    "length" : NumberInt(23171), 
    "chunkSize" : NumberInt(261120), 
    "uploadDate" : ISODate("2018-03-28T07:15:34.694+0000"), 
    "aliases" : null, 
    "metadata" : null, 
    "md5" : "ac82553cea8e87de8cf7645c5b519698"
}
{ 
    "_id" : ObjectId("5abb9995c9aebf70bd844bf1"), 
    "filename" : "5abb9995c9aebf70bd844bf0.png", 
    "contentType" : "binary/octet-stream", 
    "length" : NumberInt(222704), 
    "chunkSize" : NumberInt(261120), 
    "uploadDate" : ISODate("2018-03-28T13:33:09.825+0000"), 
    "aliases" : null, 
    "metadata" : null, 
    "md5" : "65fe3bb19efb5a9e6e823432f40d6717"
}
{ 
    "_id" : ObjectId("5abb999bc9aebf70bd844bf7"), 
    "filename" : "5abb9995c9aebf70bd844bf0-100-100-cover.png", 
    "contentType" : "binary/octet-stream", 
    "length" : NumberInt(10693), 
    "chunkSize" : NumberInt(261120), 
    "uploadDate" : ISODate("2018-03-28T13:33:15.524+0000"), 
    "aliases" : null, 
    "metadata" : null, 
    "md5" : "98657022ca35ec63837a145322787abd"
}
{ 
    "_id" : ObjectId("5abb99c3c9aebf70bd844bfa"), 
    "filename" : "5abb99c3c9aebf70bd844bf9.png", 
    "contentType" : "binary/octet-stream", 
    "length" : NumberInt(222704), 
    "chunkSize" : NumberInt(261120), 
    "uploadDate" : ISODate("2018-03-28T13:33:55.595+0000"), 
    "aliases" : null, 
    "metadata" : null, 
    "md5" : "65fe3bb19efb5a9e6e823432f40d6717"
}
{ 
    "_id" : ObjectId("5abb99cfc9aebf70bd844c00"), 
    "filename" : "5abb99c3c9aebf70bd844bf9-100-100-cover.png", 
    "contentType" : "binary/octet-stream", 
    "length" : NumberInt(10693), 
    "chunkSize" : NumberInt(261120), 
    "uploadDate" : ISODate("2018-03-28T13:34:07.486+0000"), 
    "aliases" : null, 
    "metadata" : null, 
    "md5" : "98657022ca35ec63837a145322787abd"
}
{ 
    "_id" : ObjectId("5abb99eec9aebf70bd844c03"), 
    "filename" : "5abb99eec9aebf70bd844c02.png", 
    "contentType" : "binary/octet-stream", 
    "length" : NumberInt(255674), 
    "chunkSize" : NumberInt(261120), 
    "uploadDate" : ISODate("2018-03-28T13:34:38.117+0000"), 
    "aliases" : null, 
    "metadata" : null, 
    "md5" : "4b8b9d31ddc4bcd7c810eec9387a04eb"
}
{ 
    "_id" : ObjectId("5abb99f3c9aebf70bd844c09"), 
    "filename" : "5abb99eec9aebf70bd844c02-100-100-cover.png", 
    "contentType" : "binary/octet-stream", 
    "length" : NumberInt(24702), 
    "chunkSize" : NumberInt(261120), 
    "uploadDate" : ISODate("2018-03-28T13:34:43.487+0000"), 
    "aliases" : null, 
    "metadata" : null, 
    "md5" : "78c25880b77ad42ce63ac10bb1adca7b"
}
{ 
    "_id" : ObjectId("5abb9a0dc9aebf70bd844c0c"), 
    "filename" : "5abb9a0dc9aebf70bd844c0b.png", 
    "contentType" : "binary/octet-stream", 
    "length" : NumberInt(222704), 
    "chunkSize" : NumberInt(261120), 
    "uploadDate" : ISODate("2018-03-28T13:35:09.686+0000"), 
    "aliases" : null, 
    "metadata" : null, 
    "md5" : "65fe3bb19efb5a9e6e823432f40d6717"
}
{ 
    "_id" : ObjectId("5abb9a1bc9aebf70bd844c12"), 
    "filename" : "5abb9a1bc9aebf70bd844c11.png", 
    "contentType" : "binary/octet-stream", 
    "length" : NumberInt(206524), 
    "chunkSize" : NumberInt(261120), 
    "uploadDate" : ISODate("2018-03-28T13:35:23.900+0000"), 
    "aliases" : null, 
    "metadata" : null, 
    "md5" : "f11a61b6c3801a4b28758364ef1e62c0"
}
{ 
    "_id" : ObjectId("5abb9a27c9aebf70bd844c17"), 
    "filename" : "5abb9a1bc9aebf70bd844c11-100-100-cover.png", 
    "contentType" : "binary/octet-stream", 
    "length" : NumberInt(23171), 
    "chunkSize" : NumberInt(261120), 
    "uploadDate" : ISODate("2018-03-28T13:35:35.500+0000"), 
    "aliases" : null, 
    "metadata" : null, 
    "md5" : "ac82553cea8e87de8cf7645c5b519698"
}
{ 
    "_id" : ObjectId("5abb9a5dc9aebf70bd844c1e"), 
    "filename" : "5abb9a5dc9aebf70bd844c1d.png", 
    "contentType" : "binary/octet-stream", 
    "length" : NumberInt(222704), 
    "chunkSize" : NumberInt(261120), 
    "uploadDate" : ISODate("2018-03-28T13:36:29.627+0000"), 
    "aliases" : null, 
    "metadata" : null, 
    "md5" : "65fe3bb19efb5a9e6e823432f40d6717"
}
{ 
    "_id" : ObjectId("5abb9a61c9aebf70bd844c24"), 
    "filename" : "5abb9a5dc9aebf70bd844c1d-100-100-cover.png", 
    "contentType" : "binary/octet-stream", 
    "length" : NumberInt(10693), 
    "chunkSize" : NumberInt(261120), 
    "uploadDate" : ISODate("2018-03-28T13:36:33.643+0000"), 
    "aliases" : null, 
    "metadata" : null, 
    "md5" : "98657022ca35ec63837a145322787abd"
}
{ 
    "_id" : ObjectId("5abb9a7dc9aebf70bd844c27"), 
    "filename" : "5abb9a7dc9aebf70bd844c26.png", 
    "contentType" : "binary/octet-stream", 
    "length" : NumberInt(206524), 
    "chunkSize" : NumberInt(261120), 
    "uploadDate" : ISODate("2018-03-28T13:37:01.278+0000"), 
    "aliases" : null, 
    "metadata" : null, 
    "md5" : "f11a61b6c3801a4b28758364ef1e62c0"
}
{ 
    "_id" : ObjectId("5abb9a87c9aebf70bd844c2d"), 
    "filename" : "5abb9a7dc9aebf70bd844c26-100-100-cover.png", 
    "contentType" : "binary/octet-stream", 
    "length" : NumberInt(23171), 
    "chunkSize" : NumberInt(261120), 
    "uploadDate" : ISODate("2018-03-28T13:37:11.355+0000"), 
    "aliases" : null, 
    "metadata" : null, 
    "md5" : "ac82553cea8e87de8cf7645c5b519698"
}
{ 
    "_id" : ObjectId("5abb9ab0c9aebf70bd844c30"), 
    "filename" : "5abb9ab0c9aebf70bd844c2f.png", 
    "contentType" : "binary/octet-stream", 
    "length" : NumberInt(222704), 
    "chunkSize" : NumberInt(261120), 
    "uploadDate" : ISODate("2018-03-28T13:37:52.515+0000"), 
    "aliases" : null, 
    "metadata" : null, 
    "md5" : "65fe3bb19efb5a9e6e823432f40d6717"
}
{ 
    "_id" : ObjectId("5abb9ab8c9aebf70bd844c36"), 
    "filename" : "5abb9ab0c9aebf70bd844c2f-100-100-cover.png", 
    "contentType" : "binary/octet-stream", 
    "length" : NumberInt(10693), 
    "chunkSize" : NumberInt(261120), 
    "uploadDate" : ISODate("2018-03-28T13:38:00.697+0000"), 
    "aliases" : null, 
    "metadata" : null, 
    "md5" : "98657022ca35ec63837a145322787abd"
}
{ 
    "_id" : ObjectId("5abb9adfc9aebf70bd844c39"), 
    "filename" : "5abb9adfc9aebf70bd844c38.png", 
    "contentType" : "binary/octet-stream", 
    "length" : NumberInt(206524), 
    "chunkSize" : NumberInt(261120), 
    "uploadDate" : ISODate("2018-03-28T13:38:39.352+0000"), 
    "aliases" : null, 
    "metadata" : null, 
    "md5" : "f11a61b6c3801a4b28758364ef1e62c0"
}
{ 
    "_id" : ObjectId("5abb9aeac9aebf70bd844c3f"), 
    "filename" : "5abb9adfc9aebf70bd844c38-100-100-cover.png", 
    "contentType" : "binary/octet-stream", 
    "length" : NumberInt(23171), 
    "chunkSize" : NumberInt(261120), 
    "uploadDate" : ISODate("2018-03-28T13:38:50.230+0000"), 
    "aliases" : null, 
    "metadata" : null, 
    "md5" : "ac82553cea8e87de8cf7645c5b519698"
}
{ 
    "_id" : ObjectId("5abb9bb1c9aebf70bd844c4c"), 
    "filename" : "5abb9bb1c9aebf70bd844c4b.png", 
    "contentType" : "binary/octet-stream", 
    "length" : NumberInt(222704), 
    "chunkSize" : NumberInt(261120), 
    "uploadDate" : ISODate("2018-03-28T13:42:10.192+0000"), 
    "aliases" : null, 
    "metadata" : null, 
    "md5" : "65fe3bb19efb5a9e6e823432f40d6717"
}
{ 
    "_id" : ObjectId("5abb9bdcc9aebf70bd844c52"), 
    "filename" : "5abb9bdcc9aebf70bd844c51.png", 
    "contentType" : "binary/octet-stream", 
    "length" : NumberInt(206524), 
    "chunkSize" : NumberInt(261120), 
    "uploadDate" : ISODate("2018-03-28T13:42:52.707+0000"), 
    "aliases" : null, 
    "metadata" : null, 
    "md5" : "f11a61b6c3801a4b28758364ef1e62c0"
}
{ 
    "_id" : ObjectId("5abb9be8c9aebf70bd844c5c"), 
    "filename" : "5abb9bdcc9aebf70bd844c51-100-100-cover.png", 
    "contentType" : "binary/octet-stream", 
    "length" : NumberInt(23171), 
    "chunkSize" : NumberInt(261120), 
    "uploadDate" : ISODate("2018-03-28T13:43:04.959+0000"), 
    "aliases" : null, 
    "metadata" : null, 
    "md5" : "ac82553cea8e87de8cf7645c5b519698"
}
{ 
    "_id" : ObjectId("5abb9be8c9aebf70bd844c5b"), 
    "filename" : "5abb9bb1c9aebf70bd844c4b-100-100-cover.png", 
    "contentType" : "binary/octet-stream", 
    "length" : NumberInt(10693), 
    "chunkSize" : NumberInt(261120), 
    "uploadDate" : ISODate("2018-03-28T13:43:04.959+0000"), 
    "aliases" : null, 
    "metadata" : null, 
    "md5" : "98657022ca35ec63837a145322787abd"
}
{ 
    "_id" : ObjectId("5abe1a1e556b2c3713fbcf92"), 
    "filename" : "5abe1a1e556b2c3713fbcf91.jpg", 
    "contentType" : "binary/octet-stream", 
    "length" : NumberInt(369802), 
    "chunkSize" : NumberInt(261120), 
    "uploadDate" : ISODate("2018-03-30T11:06:07.494+0000"), 
    "aliases" : null, 
    "metadata" : null, 
    "md5" : "789d875c0f384d6d4e8b9e3965e9ff63"
}
{ 
    "_id" : ObjectId("5abe1a4a556b2c3713fbcf98"), 
    "filename" : "5abe1a1e556b2c3713fbcf91-100-100-cover.jpg", 
    "contentType" : "binary/octet-stream", 
    "length" : NumberInt(13204), 
    "chunkSize" : NumberInt(261120), 
    "uploadDate" : ISODate("2018-03-30T11:06:50.194+0000"), 
    "aliases" : null, 
    "metadata" : null, 
    "md5" : "80e4cae66face4268e2d62fd2894baef"
}
{ 
    "_id" : ObjectId("5abe1d59556b2c3713fbcf9c"), 
    "filename" : "5abe1d59556b2c3713fbcf9b.jpg", 
    "contentType" : "binary/octet-stream", 
    "length" : NumberInt(623708), 
    "chunkSize" : NumberInt(261120), 
    "uploadDate" : ISODate("2018-03-30T11:19:54.249+0000"), 
    "aliases" : null, 
    "metadata" : null, 
    "md5" : "3f519437c1daed8675cd36fc34867e7c"
}
{ 
    "_id" : ObjectId("5abe1d81556b2c3713fbcfa3"), 
    "filename" : "5abe1d59556b2c3713fbcf9b-100-100-cover.jpg", 
    "contentType" : "binary/octet-stream", 
    "length" : NumberInt(23553), 
    "chunkSize" : NumberInt(261120), 
    "uploadDate" : ISODate("2018-03-30T11:20:33.517+0000"), 
    "aliases" : null, 
    "metadata" : null, 
    "md5" : "3260f86391072ff4827a8b5a2600c32e"
}
{ 
    "_id" : ObjectId("5abe1f25556b2c3713fbcfb4"), 
    "filename" : "5abe1f25556b2c3713fbcfb3.jpg", 
    "contentType" : "binary/octet-stream", 
    "length" : NumberInt(435200), 
    "chunkSize" : NumberInt(261120), 
    "uploadDate" : ISODate("2018-03-30T11:27:34.576+0000"), 
    "aliases" : null, 
    "metadata" : null, 
    "md5" : "89f7545ffc678d252af27e5d1b0ebdbf"
}
{ 
    "_id" : ObjectId("5abe1f6c556b2c3713fbcfba"), 
    "filename" : "5abe1f25556b2c3713fbcfb3-100-100-cover.jpg", 
    "contentType" : "binary/octet-stream", 
    "length" : NumberInt(17525), 
    "chunkSize" : NumberInt(261120), 
    "uploadDate" : ISODate("2018-03-30T11:28:44.029+0000"), 
    "aliases" : null, 
    "metadata" : null, 
    "md5" : "da8e7bccc18a220dcd1f65489e4d05ca"
}
{ 
    "_id" : ObjectId("5abe204c556b2c3713fbcfc4"), 
    "filename" : "5abe204c556b2c3713fbcfc3.jpg", 
    "contentType" : "binary/octet-stream", 
    "length" : NumberInt(744678), 
    "chunkSize" : NumberInt(261120), 
    "uploadDate" : ISODate("2018-03-30T11:32:28.945+0000"), 
    "aliases" : null, 
    "metadata" : null, 
    "md5" : "3e0f3885d637dcfffdbb32e76ca80261"
}
{ 
    "_id" : ObjectId("5abe2050556b2c3713fbcfcb"), 
    "filename" : "5abe204c556b2c3713fbcfc3-100-100-cover.jpg", 
    "contentType" : "binary/octet-stream", 
    "length" : NumberInt(25114), 
    "chunkSize" : NumberInt(261120), 
    "uploadDate" : ISODate("2018-03-30T11:32:32.789+0000"), 
    "aliases" : null, 
    "metadata" : null, 
    "md5" : "9265fc3de4f9e29361fd8b30152b93f6"
}
{ 
    "_id" : ObjectId("5abe2176556b2c3713fbcfde"), 
    "filename" : "5abe2176556b2c3713fbcfdd.jpg", 
    "contentType" : "binary/octet-stream", 
    "length" : NumberInt(823576), 
    "chunkSize" : NumberInt(261120), 
    "uploadDate" : ISODate("2018-03-30T11:37:26.891+0000"), 
    "aliases" : null, 
    "metadata" : null, 
    "md5" : "4c2d0df354c4809227774fa3e0f5355f"
}
{ 
    "_id" : ObjectId("5abe21de556b2c3713fbcfe9"), 
    "filename" : "5abe21de556b2c3713fbcfe8.jpg", 
    "contentType" : "binary/octet-stream", 
    "length" : NumberInt(823576), 
    "chunkSize" : NumberInt(261120), 
    "uploadDate" : ISODate("2018-03-30T11:39:11.422+0000"), 
    "aliases" : null, 
    "metadata" : null, 
    "md5" : "4c2d0df354c4809227774fa3e0f5355f"
}
{ 
    "_id" : ObjectId("5abe24d5556b2c3713fbcffa"), 
    "filename" : "5abe24d5556b2c3713fbcff9.jpg", 
    "contentType" : "binary/octet-stream", 
    "length" : NumberInt(744678), 
    "chunkSize" : NumberInt(261120), 
    "uploadDate" : ISODate("2018-03-30T11:51:50.542+0000"), 
    "aliases" : null, 
    "metadata" : null, 
    "md5" : "3e0f3885d637dcfffdbb32e76ca80261"
}
{ 
    "_id" : ObjectId("5abe29f2556b2c3713fbd00d"), 
    "filename" : "5abe29f2556b2c3713fbd00c.png", 
    "contentType" : "binary/octet-stream", 
    "length" : NumberInt(222704), 
    "chunkSize" : NumberInt(261120), 
    "uploadDate" : ISODate("2018-03-30T12:13:38.420+0000"), 
    "aliases" : null, 
    "metadata" : null, 
    "md5" : "65fe3bb19efb5a9e6e823432f40d6717"
}
{ 
    "_id" : ObjectId("5abe29fc556b2c3713fbd013"), 
    "filename" : "5abe29f2556b2c3713fbd00c-100-100-cover.png", 
    "contentType" : "binary/octet-stream", 
    "length" : NumberInt(10693), 
    "chunkSize" : NumberInt(261120), 
    "uploadDate" : ISODate("2018-03-30T12:13:48.762+0000"), 
    "aliases" : null, 
    "metadata" : null, 
    "md5" : "98657022ca35ec63837a145322787abd"
}
{ 
    "_id" : ObjectId("5abe2afd556b2c3713fbd020"), 
    "filename" : "5abe2afd556b2c3713fbd01f.jpg", 
    "contentType" : "binary/octet-stream", 
    "length" : NumberInt(823576), 
    "chunkSize" : NumberInt(261120), 
    "uploadDate" : ISODate("2018-03-30T12:18:06.765+0000"), 
    "aliases" : null, 
    "metadata" : null, 
    "md5" : "4c2d0df354c4809227774fa3e0f5355f"
}
{ 
    "_id" : ObjectId("5abe2b11556b2c3713fbd027"), 
    "filename" : "5abe2b11556b2c3713fbd026.png", 
    "contentType" : "binary/octet-stream", 
    "length" : NumberInt(222704), 
    "chunkSize" : NumberInt(261120), 
    "uploadDate" : ISODate("2018-03-30T12:18:25.790+0000"), 
    "aliases" : null, 
    "metadata" : null, 
    "md5" : "65fe3bb19efb5a9e6e823432f40d6717"
}
{ 
    "_id" : ObjectId("5abe3251556b2c3713fbd02f"), 
    "filename" : "5abe3251556b2c3713fbd02e.jpg", 
    "contentType" : "binary/octet-stream", 
    "length" : NumberInt(464191), 
    "chunkSize" : NumberInt(261120), 
    "uploadDate" : ISODate("2018-03-30T12:49:22.483+0000"), 
    "aliases" : null, 
    "metadata" : null, 
    "md5" : "9cbe1692876e071bcd20e1fa34a50069"
}
{ 
    "_id" : ObjectId("5abe35549056940e83859ff9"), 
    "filename" : "5abe35549056940e83859ff8.jpg", 
    "contentType" : "binary/octet-stream", 
    "length" : NumberInt(744678), 
    "chunkSize" : NumberInt(261120), 
    "uploadDate" : ISODate("2018-03-30T13:02:13.727+0000"), 
    "aliases" : null, 
    "metadata" : null, 
    "md5" : "3e0f3885d637dcfffdbb32e76ca80261"
}
{ 
    "_id" : ObjectId("5abe355e9056940e83859fff"), 
    "filename" : "5abe355e9056940e83859ffe.jpg", 
    "contentType" : "binary/octet-stream", 
    "length" : NumberInt(464191), 
    "chunkSize" : NumberInt(261120), 
    "uploadDate" : ISODate("2018-03-30T13:02:23.131+0000"), 
    "aliases" : null, 
    "metadata" : null, 
    "md5" : "9cbe1692876e071bcd20e1fa34a50069"
}
{ 
    "_id" : ObjectId("5abf0931d4f8422a041bff6d"), 
    "filename" : "5abf0931d4f8422a041bff6c.jpg", 
    "contentType" : "binary/octet-stream", 
    "length" : NumberInt(464191), 
    "chunkSize" : NumberInt(261120), 
    "uploadDate" : ISODate("2018-03-31T04:06:10.214+0000"), 
    "aliases" : null, 
    "metadata" : null, 
    "md5" : "9cbe1692876e071bcd20e1fa34a50069"
}
{ 
    "_id" : ObjectId("5abf0afcd4f8422a041bff76"), 
    "filename" : "5abf0afcd4f8422a041bff75.jpg", 
    "contentType" : "binary/octet-stream", 
    "length" : NumberInt(464191), 
    "chunkSize" : NumberInt(261120), 
    "uploadDate" : ISODate("2018-03-31T04:13:49.015+0000"), 
    "aliases" : null, 
    "metadata" : null, 
    "md5" : "9cbe1692876e071bcd20e1fa34a50069"
}
{ 
    "_id" : ObjectId("5abf0b9fd4f8422a041bff87"), 
    "filename" : "5abf0b9fd4f8422a041bff86.png", 
    "contentType" : "binary/octet-stream", 
    "length" : NumberInt(222704), 
    "chunkSize" : NumberInt(261120), 
    "uploadDate" : ISODate("2018-03-31T04:16:32.046+0000"), 
    "aliases" : null, 
    "metadata" : null, 
    "md5" : "65fe3bb19efb5a9e6e823432f40d6717"
}
{ 
    "_id" : ObjectId("5abf0c7dd4f8422a041bff8c"), 
    "filename" : "5abf0c7dd4f8422a041bff8b.png", 
    "contentType" : "binary/octet-stream", 
    "length" : NumberInt(222704), 
    "chunkSize" : NumberInt(261120), 
    "uploadDate" : ISODate("2018-03-31T04:20:14.152+0000"), 
    "aliases" : null, 
    "metadata" : null, 
    "md5" : "65fe3bb19efb5a9e6e823432f40d6717"
}
{ 
    "_id" : ObjectId("5abf0c8dd4f8422a041bff9a"), 
    "filename" : "5abf0c7dd4f8422a041bff8b-100-100-cover.png", 
    "contentType" : "binary/octet-stream", 
    "length" : NumberInt(10693), 
    "chunkSize" : NumberInt(261120), 
    "uploadDate" : ISODate("2018-03-31T04:20:29.603+0000"), 
    "aliases" : null, 
    "metadata" : null, 
    "md5" : "98657022ca35ec63837a145322787abd"
}
{ 
    "_id" : ObjectId("5abf0d9cd4f8422a041bff9e"), 
    "filename" : "5abf0d9cd4f8422a041bff9d.jpg", 
    "contentType" : "binary/octet-stream", 
    "length" : NumberInt(464191), 
    "chunkSize" : NumberInt(261120), 
    "uploadDate" : ISODate("2018-03-31T04:25:01.585+0000"), 
    "aliases" : null, 
    "metadata" : null, 
    "md5" : "9cbe1692876e071bcd20e1fa34a50069"
}
{ 
    "_id" : ObjectId("5abf124bd4f8422a041bffac"), 
    "filename" : "5abf124bd4f8422a041bffab.jpg", 
    "contentType" : "binary/octet-stream", 
    "length" : NumberInt(544371), 
    "chunkSize" : NumberInt(261120), 
    "uploadDate" : ISODate("2018-03-31T04:45:00.377+0000"), 
    "aliases" : null, 
    "metadata" : null, 
    "md5" : "a7d1e3da727b52ad37deddffb98eae76"
}
{ 
    "_id" : ObjectId("5abf125ad4f8422a041bffb4"), 
    "filename" : "5abf125ad4f8422a041bffb3.jpg", 
    "contentType" : "binary/octet-stream", 
    "length" : NumberInt(623708), 
    "chunkSize" : NumberInt(261120), 
    "uploadDate" : ISODate("2018-03-31T04:45:15.255+0000"), 
    "aliases" : null, 
    "metadata" : null, 
    "md5" : "3f519437c1daed8675cd36fc34867e7c"
}
{ 
    "_id" : ObjectId("5abf1268d4f8422a041bffbc"), 
    "filename" : "5abf1268d4f8422a041bffbb.jpg", 
    "contentType" : "binary/octet-stream", 
    "length" : NumberInt(544371), 
    "chunkSize" : NumberInt(261120), 
    "uploadDate" : ISODate("2018-03-31T04:45:28.986+0000"), 
    "aliases" : null, 
    "metadata" : null, 
    "md5" : "a7d1e3da727b52ad37deddffb98eae76"
}
{ 
    "_id" : ObjectId("5abf129cd4f8422a041bffc5"), 
    "filename" : "5abf129cd4f8422a041bffc4.jpg", 
    "contentType" : "binary/octet-stream", 
    "length" : NumberInt(641440), 
    "chunkSize" : NumberInt(261120), 
    "uploadDate" : ISODate("2018-03-31T04:46:21.711+0000"), 
    "aliases" : null, 
    "metadata" : null, 
    "md5" : "24c57b7e6ff437bcc86ea97a68b092e0"
}
{ 
    "_id" : ObjectId("5abf12a0d4f8422a041bffcb"), 
    "filename" : "5abf12a0d4f8422a041bffca.jpg", 
    "contentType" : "binary/octet-stream", 
    "length" : NumberInt(623708), 
    "chunkSize" : NumberInt(261120), 
    "uploadDate" : ISODate("2018-03-31T04:46:25.153+0000"), 
    "aliases" : null, 
    "metadata" : null, 
    "md5" : "3f519437c1daed8675cd36fc34867e7c"
}
{ 
    "_id" : ObjectId("5abf12c2d4f8422a041bffd3"), 
    "filename" : "5abf12a0d4f8422a041bffca-100-100-cover.jpg", 
    "contentType" : "binary/octet-stream", 
    "length" : NumberInt(23553), 
    "chunkSize" : NumberInt(261120), 
    "uploadDate" : ISODate("2018-03-31T04:46:58.338+0000"), 
    "aliases" : null, 
    "metadata" : null, 
    "md5" : "3260f86391072ff4827a8b5a2600c32e"
}
{ 
    "_id" : ObjectId("5abf12d7d4f8422a041bffd6"), 
    "filename" : "5abf12d7d4f8422a041bffd5.jpg", 
    "contentType" : "binary/octet-stream", 
    "length" : NumberInt(544371), 
    "chunkSize" : NumberInt(261120), 
    "uploadDate" : ISODate("2018-03-31T04:47:19.987+0000"), 
    "aliases" : null, 
    "metadata" : null, 
    "md5" : "a7d1e3da727b52ad37deddffb98eae76"
}
{ 
    "_id" : ObjectId("5abf1347d4f8422a041bffe0"), 
    "filename" : "5abf1347d4f8422a041bffdf.jpg", 
    "contentType" : "binary/octet-stream", 
    "length" : NumberInt(464191), 
    "chunkSize" : NumberInt(261120), 
    "uploadDate" : ISODate("2018-03-31T04:49:11.897+0000"), 
    "aliases" : null, 
    "metadata" : null, 
    "md5" : "9cbe1692876e071bcd20e1fa34a50069"
}
{ 
    "_id" : ObjectId("5abf136ad4f8422a041bffe6"), 
    "filename" : "5abf1347d4f8422a041bffdf-100-100-cover.jpg", 
    "contentType" : "binary/octet-stream", 
    "length" : NumberInt(21885), 
    "chunkSize" : NumberInt(261120), 
    "uploadDate" : ISODate("2018-03-31T04:49:46.049+0000"), 
    "aliases" : null, 
    "metadata" : null, 
    "md5" : "29f312dc3ed17842eddaa7615b5c4dce"
}
{ 
    "_id" : ObjectId("5abf13b2d4f8422a041bffe9"), 
    "filename" : "5abf13b2d4f8422a041bffe8.jpg", 
    "contentType" : "binary/octet-stream", 
    "length" : NumberInt(498082), 
    "chunkSize" : NumberInt(261120), 
    "uploadDate" : ISODate("2018-03-31T04:50:59.418+0000"), 
    "aliases" : null, 
    "metadata" : null, 
    "md5" : "3c6592aaad0742496a42b112df1adbc1"
}
{ 
    "_id" : ObjectId("5abf1426d4f8422a041bffed"), 
    "filename" : "5abf1426d4f8422a041bffec.jpg", 
    "contentType" : "binary/octet-stream", 
    "length" : NumberInt(498082), 
    "chunkSize" : NumberInt(261120), 
    "uploadDate" : ISODate("2018-03-31T04:52:55.067+0000"), 
    "aliases" : null, 
    "metadata" : null, 
    "md5" : "3c6592aaad0742496a42b112df1adbc1"
}
{ 
    "_id" : ObjectId("5abf1455d4f8422a041bfff3"), 
    "filename" : "5abf1426d4f8422a041bffec-100-100-cover.jpg", 
    "contentType" : "binary/octet-stream", 
    "length" : NumberInt(18012), 
    "chunkSize" : NumberInt(261120), 
    "uploadDate" : ISODate("2018-03-31T04:53:41.806+0000"), 
    "aliases" : null, 
    "metadata" : null, 
    "md5" : "187760e162cd91a345a0723cef553aae"
}
{ 
    "_id" : ObjectId("5abf1490d4f8422a041bfff6"), 
    "filename" : "5abf1490d4f8422a041bfff5.jpg", 
    "contentType" : "binary/octet-stream", 
    "length" : NumberInt(544371), 
    "chunkSize" : NumberInt(261120), 
    "uploadDate" : ISODate("2018-03-31T04:54:41.092+0000"), 
    "aliases" : null, 
    "metadata" : null, 
    "md5" : "a7d1e3da727b52ad37deddffb98eae76"
}
{ 
    "_id" : ObjectId("5abf14a2d4f8422a041bfffd"), 
    "filename" : "5abf1490d4f8422a041bfff5-100-100-cover.jpg", 
    "contentType" : "binary/octet-stream", 
    "length" : NumberInt(20855), 
    "chunkSize" : NumberInt(261120), 
    "uploadDate" : ISODate("2018-03-31T04:54:58.772+0000"), 
    "aliases" : null, 
    "metadata" : null, 
    "md5" : "c1b5d1bbd016ecb6fc2e8e91ee7ca2b7"
}
{ 
    "_id" : ObjectId("5abf14d9d4f8422a041c0000"), 
    "filename" : "5abf14d9d4f8422a041bffff.jpg", 
    "contentType" : "binary/octet-stream", 
    "length" : NumberInt(373399), 
    "chunkSize" : NumberInt(261120), 
    "uploadDate" : ISODate("2018-03-31T04:55:54.802+0000"), 
    "aliases" : null, 
    "metadata" : null, 
    "md5" : "12de974a05f93cdce58dd7bef6d24ab0"
}
{ 
    "_id" : ObjectId("5abf14e8d4f8422a041c0007"), 
    "filename" : "5abf14d9d4f8422a041bffff-100-100-cover.jpg", 
    "contentType" : "binary/octet-stream", 
    "length" : NumberInt(15466), 
    "chunkSize" : NumberInt(261120), 
    "uploadDate" : ISODate("2018-03-31T04:56:08.957+0000"), 
    "aliases" : null, 
    "metadata" : null, 
    "md5" : "62f30a5883e82b718c4c02162cf1cc38"
}
{ 
    "_id" : ObjectId("5abf151ad4f8422a041c000a"), 
    "filename" : "5abf151ad4f8422a041c0009.jpg", 
    "contentType" : "binary/octet-stream", 
    "length" : NumberInt(641440), 
    "chunkSize" : NumberInt(261120), 
    "uploadDate" : ISODate("2018-03-31T04:56:59.558+0000"), 
    "aliases" : null, 
    "metadata" : null, 
    "md5" : "24c57b7e6ff437bcc86ea97a68b092e0"
}
{ 
    "_id" : ObjectId("5abf1546d4f8422a041c0012"), 
    "filename" : "5abf151ad4f8422a041c0009-100-100-cover.jpg", 
    "contentType" : "binary/octet-stream", 
    "length" : NumberInt(27450), 
    "chunkSize" : NumberInt(261120), 
    "uploadDate" : ISODate("2018-03-31T04:57:42.247+0000"), 
    "aliases" : null, 
    "metadata" : null, 
    "md5" : "c93b85b6daf166154fd7f7d9231c19e4"
}
{ 
    "_id" : ObjectId("5abf3c88d4f8422a041c0064"), 
    "filename" : "5abf3c88d4f8422a041c0063.jpg", 
    "contentType" : "binary/octet-stream", 
    "length" : NumberInt(13031), 
    "chunkSize" : NumberInt(261120), 
    "uploadDate" : ISODate("2018-03-31T07:45:13.030+0000"), 
    "aliases" : null, 
    "metadata" : null, 
    "md5" : "37241c36ab5ee4dd0a4ac73405698971"
}
{ 
    "_id" : ObjectId("5abf3c91d4f8422a041c006a"), 
    "filename" : "5abf3c88d4f8422a041c0063-100-100-cover.jpg", 
    "contentType" : "binary/octet-stream", 
    "length" : NumberInt(10502), 
    "chunkSize" : NumberInt(261120), 
    "uploadDate" : ISODate("2018-03-31T07:45:21.799+0000"), 
    "aliases" : null, 
    "metadata" : null, 
    "md5" : "f3f9323e4c055bc5328e3d2d16bba0a0"
}
{ 
    "_id" : ObjectId("5ac5ce6f4a9b75572a0f428f"), 
    "filename" : "5ac5ce6f4a9b75572a0f428e.jpg", 
    "contentType" : "binary/octet-stream", 
    "length" : NumberInt(501916), 
    "chunkSize" : NumberInt(261120), 
    "uploadDate" : ISODate("2018-04-05T07:21:20.100+0000"), 
    "aliases" : null, 
    "metadata" : null, 
    "md5" : "3b8d91b30b51eb495973309615af1110"
}
{ 
    "_id" : ObjectId("5ac5ce874a9b75572a0f4296"), 
    "filename" : "5ac5ce6f4a9b75572a0f428e-100-100-cover.jpg", 
    "contentType" : "binary/octet-stream", 
    "length" : NumberInt(14567), 
    "chunkSize" : NumberInt(261120), 
    "uploadDate" : ISODate("2018-04-05T07:21:43.673+0000"), 
    "aliases" : null, 
    "metadata" : null, 
    "md5" : "e302cd6ef35368eff8d562c6d7bd1b05"
}
