{ 
    "_id" : ObjectId("5abb408d58108805cadc00f4"), 
    "createdAt" : ISODate("2018-03-28T07:13:17.598+0000"), 
    "updatedAt" : ISODate("2018-03-28T07:13:17.598+0000"), 
    "name" : "TUI MATE", 
    "description" : "TUI Mate is a digital assistant which helps you to plan your holiday via a smart AI Chatbot.", 
    "shortDescription" : "TUI Mate is a digital assistant which helps you to plan your holiday via a smart AI Chatbot.", 
    "featured" : true, 
    "bannerImage" : "5abe1a1e556b2c3713fbcf91.jpg", 
    "type" : "Innovative PoC", 
    "__v" : NumberInt(0), 
    "details" : "<h2>Overview</h2><p>TUI Mate is a digital assistant for the end customers, which assists the customers to plan their holiday via a smart AI Chatbot. It also provides analytics to TUI on what customers are talking about when they plan a trip. It sits as a passive digital assistant with any of the popular chat programs like Telegram etc. TUI Mate will become active when the customer asks a specific query and types “TUI.”</p><hr/><h2>Business Challenge</h2><p>When customers plan a vacation with their friends and / or family members it sometimes gets tiring with the hassle of browsing through places to go for holidays, type of holidays, places of interest or activities to do, then TUI Mate is the right choice. It offers an instant alternative to get suggestions on your fingertip.</p><hr/><h2>Solution</h2><p>We came up with an idea of a Chatbot named TUI Mate who acts as a friend and assists you suggesting destinations, holiday packages, activities etc. at the location you are planning to visit. Also, this AI bot will be helpful to find restaurants, shopping centres, places of attraction etc. near you.</p><hr/><h2>Use Case</h2><p>In future TUI Mate could also help you “Book a Flight” or “Book a Hotel” via various API integrations.</p><hr/>", 
    "demoLink" : "", 
    "punchLine" : "Genius is the idea. Impact comes from Action."
}
{ 
    "_id" : ObjectId("5abb40ee58108805cadc00f9"), 
    "createdAt" : ISODate("2018-03-28T07:14:54.891+0000"), 
    "updatedAt" : ISODate("2018-03-28T07:14:54.891+0000"), 
    "name" : "MARCO POLO", 
    "featured" : true, 
    "type" : "Innovative PoC", 
    "__v" : NumberInt(0), 
    "description" : "An Augmented Reality application to be used at TUI destinations, Cruises and Resorts and many more.", 
    "bannerImage" : "5abe1d59556b2c3713fbcf9b.jpg", 
    "shortDescription" : "An Augmented Reality application to be used at TUI destinations, Cruises and Resorts and many more.", 
    "details" : "<h2>Overview</h2><p>An Augmented Reality solution to be used by TUI customers at TUI Destinations, Cruises and Resorts thereby enriching the customer’s experience and motivating the customer to spend more on activities and ancillaries.</p><hr/><h2>Business Challenge</h2><p>People often like to explore huge properties like resorts, cruises, luxury hotels etc., and miss out on great views or activities to do so many times due to time constraints. Marco Polo eliminates the time consumption by showcasing the hotspots of what the resort or cruise offers and then providing the right routes and directions. This solution will also help TUI sell more add-on services and activities to the customer. Also looking for dining options like cuisine type, menu and booking a table from Marco Polo (the AR App) would add to superior customer experience.</p><hr/><h2>Solution</h2><p>Marco Polo assists customers to identify all the hotspots at the resort or cruise and thereby plan their holiday better. It also traces or navigates around the resort or cruise, with the best route options.  Marco Polo will assist TUI to understand the popular hotspots with customers thereby helping TUI to enrich the customer experience.</p><hr/><h2>Use Case</h2><p>It allows the customer to explore more information about the hotspot by interacting with it. It helps to check the functionality of the place. For e.g.: If you open up a hotspot for a restaurant you could “View the Menu” or “Book a Table”.\nAlso, another good use case could be for children. In large resorts and Cruises, children can use Marco Polo to navigate using their smart phones and the parents would have a peace of mind that the children will be able to get around the property without getting lost. Another use case could be if a customer points to the Spa hotspot and checks the prices, but has not booked any spa treatments. Then at lean times at the spa, specific discount offers for specific customers can be offered encouraging the use of the spa. This ensures that TUI is keeping the spa well used by customers.\n</p><hr/>", 
    "punchLine" : "Go Alone or Go Together"
}
{ 
    "_id" : ObjectId("5abb999ac9aebf70bd844bf4"), 
    "createdAt" : ISODate("2018-03-28T13:33:14.586+0000"), 
    "updatedAt" : ISODate("2018-03-28T13:33:14.586+0000"), 
    "name" : "TUI MOMENTS", 
    "description" : "TUI Moments is a good visualisation solution if you want to experience your holiday before booking. It's like a pre-vacation experience.", 
    "shortDescription" : "TUI Moments is a good visualisation solution if you want to experience your holiday before booking. It's like a pre-vacation experience.", 
    "bannerImage" : "5abe1f25556b2c3713fbcfb3.jpg", 
    "type" : "Innovative PoC", 
    "__v" : NumberInt(0), 
    "details" : "<h2>Overview</h2><p>TUI Moments is a good visualisation solution for TUI’s customers if they want to experience their holidays before booking. Customers can create multiple TUI Moments and with the richness of the visuals, discuss the multiple options, with their family and friends and then book their holiday. It's like a pre-vacation experience and the customer will know what to expect and what they will be doing on their holiday.</p><hr/><h2>Business Challenge</h2><p>Challenge is to give clarity to the customer before booking about his journey and how it maps out, when travelling from one destination to another with all possible information from flights, hotels to restaurants, to day -to-day activities, excursion activities, local events. The mapping of the journey is right from the time taken, to the distance covered, to the price ranges etc. Challenge is to overcome the uncertainties while planning a trip at the same time allowing the customer to use their extensive imagination to create the TUI Moments.</p><hr/><h2>Solution</h2><p>This solution allows the customer to preview their itinerary with photos and videos. It will enhance the customer’s experience about how the holiday will look like with multiple suggested activities at the TUI Resort and the local events for the day while guiding you at every step of the trip from the distances between the locations to the time taken for traveling. This solution will also assist TUI in selling excursions and other add on events thereby enriching the overall customer’s holiday experience.</p><hr/><h2>Use Case</h2><p>In the actual product we can:<br>\nshowcase time sensitive events like concerts etc.<br>\nWe can add a chat plug-in where people can automatically chat with the TUI representative, book the concert etc.<br>\nAlso, TUI can think about creating a link for their customers if they have not created one and with every booking sharing the same along with the booking confirmation.\n</p><hr/>", 
    "featured" : true, 
    "punchLine" : "We achieve more when we chase the dream instead of competition.", 
    "demoLink" : "http://www.sptr.co/tui-moments"
}
{ 
    "_id" : ObjectId("5abb99cec9aebf70bd844bfd"), 
    "createdAt" : ISODate("2018-03-28T13:34:06.563+0000"), 
    "updatedAt" : ISODate("2018-03-28T13:34:06.563+0000"), 
    "name" : "Cryptocurrency", 
    "shortDescription" : "Crypto-currency - BetKoin brings a transformation in the online and offline gambling and betting world. It is used for casino games and sports betting.", 
    "description" : "We are calling this as BetKoin. It is integration of the gambling world and cryptocurrency.", 
    "bannerImage" : "5abe204c556b2c3713fbcfc3.jpg", 
    "type" : "More Innovations", 
    "__v" : NumberInt(0), 
    "details" : "<h2>Overview</h2><p>Crypto-currency - BetKoin. We have mined this Crypto for a\nSingapore customer with focus on online casinos. BetKoin\nbrings a transformation in the online and offline gambling\nand betting world. BetKoin is used for casino games and\nsports betting. It is based on the blockchain technology.</p><hr/>", 
    "featured" : false, 
    "punchLine" : "We achieve more when we chase the dream instead of competition."
}
{ 
    "_id" : ObjectId("5abf124cd4f8422a041bffb0"), 
    "createdAt" : ISODate("2018-03-31T04:45:00.654+0000"), 
    "updatedAt" : ISODate("2018-03-31T04:45:00.654+0000"), 
    "name" : "STRIKE CASINO", 
    "description" : "The one of a kind app which lets you play games like Three Card Poker and Poker using RFID readers.", 
    "demoLink" : "", 
    "punchLine" : "It doesn’t matter when we start. It doesn’t matter where we start. All that matters is that we start.", 
    "shortDescription" : "The one of a kind app which lets you play games like Poker and Teen Patti (3 card Poker) using RFID readers.", 
    "featured" : false, 
    "details" : "<h2>Overview</h2>\n<p>The one of a kind app which lets you play games like Three Card Poker and Poker using RFID readers. It's a great invention in the gambling world.</p><hr>\n<h2>Business Challenge</h2>\n<p>According to Indian constitution, players aren't allowed to physically touch the cards on land while gambling. This app changes the approach towards the game. It brings a twist which allows the player to play their game individually on a tablet without breaking the government rules.</p><hr>\n<h2>Solution</h2>\n<p>This app will help the players to play the game on their own using tablets. The cards are read by using RFID readers which are mounted upon arduino. 3 machines were invented each for players, dealer and the screen.</p>\n<hr>\n<h2>Use case</h2>\n<p>This concept is used in casinos by the individual players. The entire game is displayed on the screen along with the reason why the winner has won the game so that the beginners aren't in the confusion.</p>\n<hr>", 
    "type" : "More Innovations", 
    "__v" : NumberInt(0), 
    "bannerImage" : "5abf1347d4f8422a041bffdf.jpg"
}
{ 
    "_id" : ObjectId("5abf125bd4f8422a041bffb8"), 
    "createdAt" : ISODate("2018-03-31T04:45:15.263+0000"), 
    "updatedAt" : ISODate("2018-03-31T04:45:15.263+0000"), 
    "name" : "MEDIAPOOL", 
    "description" : "Mediapool is a portal built for internal TUI users to browse through the multimedia which lies under TUI DAM.", 
    "demoLink" : "http://mediapool.content.tuigroup.com", 
    "punchLine" : "Your idea is core to the vision", 
    "shortDescription" : "Mediapool is a portal built for internal TUI users to browse through the multimedia which lies under TUI DAM.", 
    "featured" : true, 
    "details" : "<h2>Overview</h2>\n<p>Mediapool is a portal built for internal TUI users to browse through the multi-media which lies at the core of TUI DAM. It gives an advantage to filter the assets in various ways like Accommodation, Destination, etc.</p>\n<hr>\n<h2>Business Challenge</h2>\n<p>Searching or querying on TUI DAM is a time-consuming process as it was built with the basic purpose to hold the data. It is also difficult to customise TUI DAM as it is a third-party solution.</p>\n<hr>\n<h2>Solution</h2>\n<p>We came up with a bespoke solution, to build a layer on TUI DAM which is developed with the latest MEAN technology stack and the smartest algorithms to search multimedia. Also, it has a lot more scope to improve the data enrichment like plugging in AI to auto tag the asset according to content it holds. For e.g.: Picture of beach will be tagged with beach, water, trees, etc. Another feature is introduced wherein the users can see the latest pictures added in the collection.</p>\n<hr>\n<h2>Use Case</h2>\n<p>This could be used by various TUI markets to surf through multimedia with ease. It allows users to create multimedia content which they could share internally. Users could also download all the multimedia inside Mediapool for internal purposes like banner design for Ad Campaign.</p>\n<hr>\n<h2>Current Use by Source Markets</h2>\n<table class=\"table\">\n                <thead class=\"thead-light\">\n                    <tr>\n                        <th>ND</th>\n                        <th>DS</th>\n                        <th>TGM</th>\n                        <th>TPR</th>\n                    </tr>\n                </thead>\n                <tbody>\n                    <tr>\n                        <td>\n                            <i class=\"fa fa-check\"></i>\n                        </td>\n                        <td>\n                            <i class=\"fa fa-check\"></i>\n                        </td>\n                        <td>\n                            <i class=\"fa fa-check\"></i>\n                        </td>\n                        <td>\n                            <i class=\"fa fa-check\"></i>\n                        </td>\n                    </tr>\n                </tbody>\n            </table>\n<hr>", 
    "type" : "TUI Projects", 
    "__v" : NumberInt(0), 
    "bannerImage" : "5abf1426d4f8422a041bffec.jpg"
}
{ 
    "_id" : ObjectId("5abf12c1d4f8422a041bffd0"), 
    "createdAt" : ISODate("2018-03-31T04:46:57.067+0000"), 
    "updatedAt" : ISODate("2018-03-31T04:46:57.067+0000"), 
    "name" : "INSPIRE", 
    "description" : "Inspire allows TUI customers to create an Inspirational planning for their holidays.", 
    "demoLink" : "http://inspire.content.tuigroup.com/#!/inspire", 
    "punchLine" : "Fulfilment comes when we convert our ideas to outcomes", 
    "shortDescription" : "Inspire allows TUI customers to create an Inspirational planning for their holidays.", 
    "featured" : true, 
    "bannerImage" : "5abf1490d4f8422a041bfff5.jpg", 
    "details" : "<h2>Overview</h2>\n<p>Inspire allows TUI customers to create an inspirational planning for their holidays. It provides wide range of features to customers to select from at a click of a button. The features will be like swimming pool, club, family, marriage, children trekking, spa etc. Once the customer has selected multiple features, the magic happens, where Inspire will provide a customized video according to the selection of features, and will recommend a resort or a destination for the holiday trip.</p>\n<hr>\n<h2>Business Challenge</h2>\n<p>People have a tough time to find all the things in one place with minimal time spent while holidaying or planning for trips. Challenge was to find an apt solution to fit all the preferences in one place.</p>\n<hr>\n<h2>Solution</h2>\n<p>We built up an idea for the customers to visualise all their desired activities in one place. It saves time browsing over different websites and deciding on the right choice for the priorities to get fulfilled. It’s like fantasizing your holiday. It's all in one platform to get your inspiration and booking sorted.</p>\n<hr>\n<h2>Use Case</h2>\n<p>Various Inspirations could be created according to the market’s requirement. It could be used with TUI concepts like Sensimar, Sensatori, where after selections of the features it would give out a recommendation of TUI Concepts. It can be implemented within any web page or mobile app.</p>\n<hr>\n<h2>Current Use by Source Markets</h2>\n<table class=\"table\">\n                <thead class=\"thead-light\">\n                    <tr>\n                        <th>TDA</th>\n                        <th>UK</th>\n                    </tr>\n                </thead>\n                <tbody>\n                    <tr>\n                        <td>\n                            <i class=\"fa fa-check\"></i>\n                        </td>\n                        <td>\n                            <i class=\"fa fa-check\"></i>\n                        </td>\n                    </tr>\n                </tbody>\n            </table>\n<hr>", 
    "type" : "TUI Projects", 
    "__v" : NumberInt(0)
}
{ 
    "_id" : ObjectId("5abf14e7d4f8422a041c0004"), 
    "createdAt" : ISODate("2018-03-31T04:56:07.656+0000"), 
    "updatedAt" : ISODate("2018-03-31T04:56:07.656+0000"), 
    "name" : "SALES360", 
    "description" : "Sales360 is a Virtual Reality application.", 
    "shortDescription" : "Sales360 is a Virtual Reality application. It allows customers to experience any product in 360° view.", 
    "demoLink" : "http://sales360.content.tuigroup.com", 
    "punchLine" : "Let us start a revolution of ideas to create change that lasts", 
    "featured" : true, 
    "bannerImage" : "5abf14d9d4f8422a041bffff.jpg", 
    "details" : "<h2>Overview</h2>\n<p>Sales360 is a Virtual Reality application. It allows customers to experience the Airplane or any other product in a 360° view. Addition to that there are multiple hotspots on the 360° view which allows users to interact with them to get more information about the hotspots.</p>\n<hr>\n<h2>Business Challenge</h2>\n<p>The challenge is to overcome the uncertainties of the place or a product of service while booking or simply browsing. It gives the customer a virtual vision of how the place or the product looks like, which will help the customer in making the right choices.</p>\n<hr>\n<h2>Solution</h2>\n<p>Solution was to give 360°panoramic view to the customer to get a clear view of the product. The ability to showcase potential customers full view of the property or product right from the internet is a great solution. It's like a virtual trip to the places you want to check out. This helps to shape user’s approach to the travel experience. This solution will also assist TUI in selling other add on products thereby enriching the overall customer’s holiday experience and increasing TUI’s revenue.</p>\n<hr>\n<h2>Use Case</h2>\n<p>Customers can experience any TUI hotel rooms or resorts in virtual reality. This application will give the best experience if viewed on any mobile device as it supports gyroscope & VR headsets.\nAnother use case is the airlines where the customer can experience what they could get in Premium Class compared to Economy class, thereby possibly motivating them to upgrade.</p>\n<hr>\n<h2>Current Use by Source Markets</h2>\n<table class=\"table\">\n                <thead class=\"thead-light\">\n                    <tr>\n                        <th>UK</th>\n                    </tr>\n                </thead>\n                <tbody>\n                    <tr>\n                        <td>\n                            <i class=\"fa fa-check\"></i>\n                        </td>\n                    </tr>\n                </tbody>\n            </table>\n<hr>", 
    "type" : "TUI Projects", 
    "__v" : NumberInt(0)
}
{ 
    "_id" : ObjectId("5abf1544d4f8422a041c000f"), 
    "createdAt" : ISODate("2018-03-31T04:57:40.516+0000"), 
    "updatedAt" : ISODate("2018-03-31T04:57:40.516+0000"), 
    "name" : "I-Maps", 
    "description" : "I-Maps (Interactive Maps) is a replacement of basic maps. It enables users to view an illustration of a resort or destination as a map with multiple interactive hotspots.", 
    "shortDescription" : "I-Maps (Interactive Maps) is a replacement of basic maps. It enables users to view an illustration of a resort or destination as a map with multiple interactive hotspots.", 
    "demoLink" : "http://imap.content.tuigroup.com/imap/map/view/8EOR3IKZKE3T2MKBXUG3KXRMDCJXV7Q?revision=1", 
    "punchLine" : "That idea is so fantastic. Stop talking about it and let us do it.", 
    "bannerImage" : "5abf151ad4f8422a041c0009.jpg", 
    "details" : "<h2>Overview</h2>\n<p>I-Maps (Interactive Maps) is a replacement of basic maps. It enables users to view an illustration of a resort or destination as a map with multiple interactive hotspots. The hotspot could be of any kind like spa, pool, etc. Users could view images & videos related to hotspots.</p>\n<hr>\n<h2>Business Challenge</h2>\n<p>The current maps on our websites, where they exist, give little or no useful information. Some iteration looks similar to the interactive maps that customers are used to, but without any of the functionality. This can be a frustrating experience for our customers, who already expect more from a Google-like map.</p>\n<hr>\n<h2>Solution</h2>\n<p>I-Maps (Interactive Maps) allows multiple content types to be showcased in the context of a map, enhancing our customer's experience. It can be used to search and explore the place virtually in no time. It gives you an aerial view of the place and helps to locate various aspects of the place beforehand only which in turn helps to navigate the place smoothly.</p>\n<hr>\n<h2>Use Case</h2>\n<p>I-Maps could be embedded inside any web page or mobile app. Any market could create I-Maps for their destinations or properties with multiple hotspots on it. It will help the customer to plan their activities with ease.</p>\n<hr>\n<h2>Current Use by Source Markets</h2>\n<table class=\"table\">\n                <thead class=\"thead-light\">\n                    <tr>\n                        <th>DE (Magic Life)</th>\n                    </tr>\n                </thead>\n                <tbody>\n                    <tr>\n                        <td>\n                            <i class=\"fa fa-check\"></i>\n                        </td>\n                    </tr>\n                </tbody>\n            </table>\n<hr>", 
    "type" : "TUI Projects", 
    "__v" : NumberInt(0), 
    "featured" : true
}
{ 
    "_id" : ObjectId("5ac5ce864a9b75572a0f4293"), 
    "createdAt" : ISODate("2018-04-05T07:21:42.274+0000"), 
    "updatedAt" : ISODate("2018-04-05T07:21:42.274+0000"), 
    "name" : "TIARA", 
    "details" : "<h2>Overview</h2>\n<p>TIARA (TUI Intuitive Artificial Intelligence Response Agent) - This AI chat based app assists customers in finding the best options in terms of hotels, accommodation, flight bookings, destinations etc. according to their preferences. This volunteering app assists customers through an AI Chatbot where all their questions will be answered and well-suited suggestions will be available for a great holiday experience.</p>\n<hr>\n<h2>Features</h2>\n<p>It has a live chat support with multilingual options. Other features include voice input, FAQs as conversations, Conversational flight/Hotel  suggestions, image based responses for better customer engagement.</p>\n<hr>\n<h2>Objectives</h2>\n<p>Drive open ended conversations in natural language to reach a logical point in the decision tree.<br>\nIdentification, authentication, and profiling of customers while increasing customer contact ability in a non-intrusive manner.<br> \nLightning fast response, engaging customer during waiting times, predicting next steps, quickly analysing information from various sources and presenting it in a lucid format.<br> \nSimple and efficient operational capabilities including easy to train features and self-learning module.<br>\nStrong Social media connect characterised by effective and  innovative use of features and information available on various platforms.<br>\nJaw dropping / Wow some carousel with rich media that takes the customer experience to a whole new level.<br>\nBuild knowledge base out of existing FAQ’s and provide responses in engaging conversations.<br>\nVery strong back end database management capabilities with excellent MIS skills.\n</p>\n<hr>", 
    "bannerImage" : "5ac5ce6f4a9b75572a0f428e.jpg", 
    "shortDescription" : "This AI chat based app assists customers in finding the best options in terms of hotels, accommodation, flight bookings, etc. according to their preferences.", 
    "featured" : false, 
    "type" : "Innovative PoC", 
    "__v" : NumberInt(0), 
    "punchLine" : "Failure we can do alone. Success always takes help."
}
