{ 
    "_id" : ObjectId("5abccccdc6b53214100bdb8f"), 
    "createdAt" : ISODate("2018-03-29T11:23:57.513+0000"), 
    "updatedAt" : ISODate("2018-03-29T11:23:57.513+0000"), 
    "email" : "tushar@wohlig.com", 
    "accessLevel" : "Admin", 
    "accessToken" : [
        "uYxx0FL6qCp9fLAi"
    ], 
    "tokenKey" : "", 
    "__v" : NumberInt(0)
}
{ 
    "_id" : ObjectId("5abe1dea556b2c3713fbcfa7"), 
    "createdAt" : ISODate("2018-03-30T11:22:18.240+0000"), 
    "updatedAt" : ISODate("2018-03-30T11:22:18.240+0000"), 
    "lastOpened" : ISODate("2018-03-30T11:22:06.403+0000"), 
    "email" : "sayali.ghule@wohlig.com", 
    "accessLevel" : "User", 
    "accessToken" : [

    ], 
    "tokenKey" : "70ef0e885609555ae9fca9d6efce4181", 
    "__v" : NumberInt(0), 
    "requestApproved" : true, 
    "admin" : true
}
{ 
    "_id" : ObjectId("5abf661bd1a9cf1a8fff7df0"), 
    "createdAt" : ISODate("2018-03-31T10:42:35.156+0000"), 
    "updatedAt" : ISODate("2018-03-31T10:42:35.156+0000"), 
    "lastOpened" : ISODate("2018-03-31T10:42:29.273+0000"), 
    "email" : "tushar@wohlig.com", 
    "requestApproved" : true, 
    "admin" : true, 
    "accessLevel" : "User", 
    "accessToken" : [

    ], 
    "tokenKey" : "87fe6bec06bef71c42f05bf4d1a3eff1", 
    "__v" : NumberInt(0), 
    "username" : "testuser", 
    "password" : "hellotui"
}
{ 
    "_id" : ObjectId("5abf915425e0f934977cfb74"), 
    "createdAt" : ISODate("2018-03-31T13:47:01.006+0000"), 
    "updatedAt" : ISODate("2018-03-31T13:47:01.006+0000"), 
    "email" : "sayali.ghule@wohlig.com", 
    "accessLevel" : "Admin", 
    "accessToken" : [
        "km6wD3NtWM82gkTO"
    ], 
    "admin" : false, 
    "requestApproved" : false, 
    "tokenKey" : "", 
    "__v" : NumberInt(0)
}
{ 
    "_id" : ObjectId("5ac5d5ce4a9b75572a0f42c6"), 
    "createdAt" : ISODate("2018-04-05T07:52:46.515+0000"), 
    "updatedAt" : ISODate("2018-04-05T07:52:46.515+0000"), 
    "email" : "tushar@wohlig.com", 
    "accessLevel" : "Admin", 
    "accessToken" : [
        "oq7Wg6NGQ38TMKtg"
    ], 
    "admin" : false, 
    "requestApproved" : false, 
    "tokenKey" : "", 
    "__v" : NumberInt(0)
}
{ 
    "_id" : ObjectId("5ac5ddea4a9b75572a0f4300"), 
    "createdAt" : ISODate("2018-04-05T08:27:22.843+0000"), 
    "updatedAt" : ISODate("2018-04-05T08:27:22.843+0000"), 
    "email" : "sayali.ghule@wohlig.com", 
    "accessLevel" : "Admin", 
    "accessToken" : [
        "FXDnduuYYMiGfwzX"
    ], 
    "admin" : false, 
    "requestApproved" : false, 
    "tokenKey" : "", 
    "__v" : NumberInt(0)
}
{ 
    "_id" : ObjectId("5ac62444a391be74e9652d3f"), 
    "createdAt" : ISODate("2018-04-05T13:27:32.639+0000"), 
    "updatedAt" : ISODate("2018-04-05T13:27:32.639+0000"), 
    "email" : "tushar@wohlig.com", 
    "accessLevel" : "Admin", 
    "accessToken" : [
        "WbhnZfhgWn2Kf2LS"
    ], 
    "admin" : false, 
    "requestApproved" : false, 
    "tokenKey" : "", 
    "__v" : NumberInt(0)
}
